Player,Primary position,1-year rank,Best 1-year season,1-year raw,1-year display,2-year rank,Best 2-year window,2-year raw,2-year display,3-year rank,Best 3-year window,3-year raw,3-year display,5-year rank,Best 5-year window,5-year raw,5-year display,Average rank,Best rank,Worst rank,1-to-5-year rank change
Michael Jordan,Primary offensive engine,1,1990-91,86.8651,97.53,1.0,1990-91-1991-92,82.4171,96.14,1.0,1988-89-1990-91,80.6069,95.54,1.0,1987-88-1991-92,79.4811,95.16,1.0,1,1,0.0
LeBron James,Primary offensive engine,2,2008-09,81.5477,95.85,2.0,2011-12-2012-13,79.8563,95.29,2.0,2011-12-2013-14,77.5058,94.5,2.0,2008-09-2012-13,76.3545,94.12,2.0,2,2,0.0
Nikola Jokic,Primary playmaker,5,2022-23,74.4495,93.48,3.0,2022-23-2023-24,73.1198,93.04,3.0,2021-22-2023-24,71.8415,92.55,3.0,2020-21-2024-25,69.7553,91.75,3.5,3,5,2.0
Giannis Antetokounmpo,Primary offensive engine,8,2019-20,68.5203,91.28,7.0,2018-19-2019-20,68.3025,91.19,5.0,2018-19-2020-21,67.4118,90.85,4.0,2018-19-2022-23,63.5757,89.38,6.0,4,8,4.0
Stephen Curry,Secondary star,3,2015-16,75.6936,93.9,4.0,2014-15-2015-16,72.6837,92.88,4.0,2014-15-2016-17,68.6135,91.31,5.0,2014-15-2018-19,61.6001,88.62,4.0,3,5,-2.0
Shaquille O'Neal,Primary scorer,4,1999-00,74.671,93.56,6.0,1999-00-2000-01,69.7173,91.74,6.0,1999-00-2001-02,67.1442,90.75,6.0,1998-99-2002-03,61.4942,88.57,5.5,4,6,-2.0
Magic Johnson,Primary playmaker,9,1986-87,66.8235,90.62,14.0,1985-86-1986-87,59.3794,87.57,11.0,1986-87-1988-89,60.4273,88.16,7.0,1986-87-1990-91,58.9169,87.24,10.25,7,14,2.0
Larry Bird,Two-way engine,13,1985-86,63.7545,89.44,12.0,1984-85-1985-86,60.5399,88.21,10.0,1983-84-1985-86,61.431,88.55,8.0,1983-84-1987-88,58.7108,87.1,10.75,8,13,5.0
Tim Duncan,Two-way engine,7,2002-03,69.9761,91.84,8.0,2001-02-2002-03,66.3487,90.44,8.0,2001-02-2003-04,62.3178,88.89,9.0,2000-01-2004-05,57.5849,86.31,8.0,7,9,-2.0
Shai Gilgeous-Alexander,Primary offensive engine,6,2024-25,72.7288,92.9,5.0,2024-25-2025-26,70.035,91.86,7.0,2023-24-2025-26,66.7783,90.61,10.0,2021-22-2025-26,57.4345,86.2,7.0,5,10,-4.0
Kevin Durant,Secondary star,11,2013-14,66.4146,90.47,9.0,2012-13-2013-14,63.8651,89.49,9.0,2011-12-2013-14,62.0621,88.79,11.0,2009-10-2013-14,57.1912,86.03,10.0,9,11,0.0
James Harden,Primary offensive engine,16,2017-18,62.0654,88.79,11.0,2017-18-2018-19,61.0047,88.39,13.0,2017-18-2019-20,59.6341,87.74,12.0,2014-15-2018-19,56.1842,85.33,13.0,11,16,4.0
David Robinson,Two-way engine,18,1994-95,60.1975,88.08,13.0,1993-94-1994-95,60.0723,88.03,14.0,1993-94-1995-96,59.1057,87.37,13.0,1991-92-1995-96,55.6728,84.97,14.5,13,18,5.0
Hakeem Olajuwon,Two-way engine,10,1993-94,66.5099,90.5,10.0,1992-93-1993-94,63.666,89.41,12.0,1992-93-1994-95,59.9161,87.94,14.0,1992-93-1996-97,53.5813,83.51,11.5,10,14,-4.0
Karl Malone,Primary scorer,20,1996-97,58.536,86.98,18.0,1996-97-1997-98,57.664,86.36,16.0,1996-97-1998-99,55.7456,85.02,15.0,1995-96-1999-00,52.7967,82.96,17.25,15,20,5.0
Kevin Garnett,Two-way engine,14,2003-04,63.4503,89.33,17.0,2003-04-2004-05,58.3913,86.87,15.0,2002-03-2004-05,55.7678,85.04,16.0,2003-04-2007-08,52.2446,82.57,15.5,14,17,-2.0
Kobe Bryant,Primary offensive engine,30,2007-08,54.4804,84.14,24.0,2007-08-2008-09,54.3858,84.07,21.0,2007-08-2009-10,52.5689,82.8,17.0,2005-06-2009-10,50.9661,81.68,23.0,17,30,13.0
Charles Barkley,Secondary star,29,1992-93,54.888,84.42,26.0,1989-90-1990-91,52.0374,82.43,25.0,1990-91-1992-93,51.2056,81.84,18.0,1988-89-1992-93,50.766,81.54,24.5,18,29,11.0
Chris Paul,Primary playmaker,17,2007-08,60.2074,88.08,16.0,2007-08-2008-09,58.6029,87.02,20.0,2007-08-2009-10,53.0407,83.13,19.0,2007-08-2011-12,50.4762,81.33,18.0,16,20,-2.0
Dwight Howard,Secondary star,23,2008-09,57.3773,86.16,20.0,2008-09-2009-10,55.4366,84.81,18.0,2008-09-2010-11,54.2047,83.94,20.0,2007-08-2011-12,49.6211,80.62,20.25,18,23,3.0
Joel Embiid,Primary scorer,22,2022-23,57.407,86.18,21.0,2021-22-2022-23,54.9642,84.47,19.0,2020-21-2022-23,53.2167,83.25,21.0,2019-20-2023-24,48.707,79.71,20.75,19,22,1.0
Dirk Nowitzki,Secondary star,27,2005-06,55.5373,84.88,22.0,2005-06-2006-07,54.9372,84.46,22.0,2004-05-2006-07,52.5433,82.78,22.0,2002-03-2006-07,48.4707,79.47,23.25,22,27,5.0
Dwyane Wade,Secondary star,25,2005-06,56.2085,85.35,27.0,2008-09-2009-10,51.8672,82.31,26.0,2008-09-2010-11,50.4708,81.33,23.0,2005-06-2009-10,47.7726,78.77,25.25,23,27,2.0
Kareem Abdul-Jabbar,Secondary star,15,1979-80,63.2862,89.26,19.0,1979-80-1980-81,56.4615,85.52,24.0,1979-80-1981-82,51.4911,82.04,24.0,1979-80-1983-84,46.8255,77.83,20.5,15,24,-9.0
Kawhi Leonard,Secondary star,19,2016-17,59.7701,87.84,15.0,2015-16-2016-17,58.7235,87.11,17.0,2014-15-2016-17,54.233,83.96,25.0,2012-13-2016-17,46.5726,77.57,19.0,15,25,-6.0
Luka Doncic,Primary offensive engine,31,2023-24,54.4072,84.09,29.0,2022-23-2023-24,50.4425,81.31,29.0,2021-22-2023-24,48.9383,79.94,26.0,2019-20-2023-24,46.1589,77.16,28.75,26,31,5.0
Russell Westbrook,Secondary star,24,2016-17,56.9116,85.84,23.0,2015-16-2016-17,54.399,84.08,23.0,2014-15-2016-17,51.7328,82.21,27.0,2013-14-2017-18,45.9572,76.96,24.25,23,27,-3.0
John Stockton,Secondary star,36,1987-88,46.2109,77.21,34.0,1987-88-1988-89,45.971,76.97,34.0,1987-88-1989-90,45.2084,76.21,28.0,1987-88-1991-92,44.9894,75.99,33.0,28,36,8.0
Anthony Davis,Two-way engine,28,2019-20,55.2956,84.71,31.0,2018-19-2019-20,49.7062,80.71,28.0,2017-18-2019-20,49.801,80.8,29.0,2015-16-2019-20,44.8462,75.85,29.0,28,31,-1.0
Moses Malone,Secondary star,21,1982-83,57.6849,86.38,25.0,1981-82-1982-83,53.3403,83.34,27.0,1980-81-1982-83,49.9942,80.99,30.0,1979-80-1983-84,43.51,74.51,25.75,21,30,-9.0
Julius Erving,Two-way engine,37,1980-81,46.2049,77.2,33.0,1980-81-1981-82,46.0754,77.08,33.0,1979-80-1981-82,45.4714,76.47,31.0,1979-80-1983-84,42.5093,73.51,33.5,31,37,6.0
Steve Nash,Secondary star,32,2005-06,48.8354,79.84,32.0,2004-05-2005-06,47.5616,78.56,30.0,2004-05-2006-07,46.7856,77.79,32.0,2004-05-2008-09,42.3055,73.31,31.5,30,32,0.0
Tracy McGrady,Primary offensive engine,26,2002-03,55.7499,85.02,30.0,2001-02-2002-03,49.9668,80.97,31.0,2000-01-2002-03,46.4515,77.45,33.0,2000-01-2004-05,42.1384,73.14,30.0,26,33,-7.0
Rudy Gobert,High-impact role player,43,2018-19,43.3663,74.37,43.0,2020-21-2021-22,40.1623,70.93,38.0,2018-19-2020-21,40.8727,71.73,34.0,2016-17-2020-21,39.8219,70.55,39.5,34,43,9.0
Clyde Drexler,Two-way engine,34,1991-92,47.162,78.16,36.0,1990-91-1991-92,44.1662,75.17,36.0,1989-90-1991-92,41.978,72.98,35.0,1987-88-1991-92,39.4324,70.11,35.25,34,36,-1.0
Jimmy Butler,High-impact role player,40,2022-23,45.291,76.29,37.0,2021-22-2022-23,43.5916,74.59,35.0,2020-21-2022-23,42.1114,73.11,36.0,2019-20-2023-24,38.8778,69.49,37.0,35,40,4.0
Scottie Pippen,Two-way engine,53,1993-94,40.994,71.87,41.0,1993-94-1994-95,40.6519,71.48,40.0,1993-94-1995-96,40.6559,71.49,37.0,1993-94-1997-98,38.7824,69.38,42.75,37,53,16.0
Manu Ginobili,High-impact role player,39,2004-05,45.6127,76.61,40.0,2004-05-2005-06,40.6673,71.5,41.0,2004-05-2006-07,40.6449,71.48,38.0,2003-04-2007-08,38.5141,69.08,39.5,38,41,1.0
Damian Lillard,Secondary star,55,2020-21,40.0969,70.86,48.0,2019-20-2020-21,39.7897,70.51,43.0,2018-19-2020-21,39.2365,69.89,39.0,2016-17-2020-21,38.1681,68.69,46.25,39,55,16.0
Chauncey Billups,Secondary star,42,2005-06,43.4018,74.4,42.0,2004-05-2005-06,40.2677,71.05,42.0,2005-06-2007-08,40.2259,71.0,40.0,2003-04-2007-08,37.9882,68.49,41.5,40,42,2.0
Kevin McHale,Secondary star,41,1986-87,45.0915,76.09,38.0,1986-87-1987-88,42.3251,73.33,39.0,1985-86-1987-88,40.8296,71.68,41.0,1985-86-1989-90,37.4061,67.83,39.75,38,41,0.0
Patrick Ewing,Primary scorer,46,1989-90,42.8631,73.86,44.0,1988-89-1989-90,40.1553,70.92,45.0,1989-90-1991-92,38.5156,69.08,42.0,1989-90-1993-94,37.2182,67.62,44.25,42,46,4.0
Gary Payton,Secondary star,59,1999-00,39.3658,70.04,55.0,1995-96-1996-97,36.7853,67.13,49.0,1995-96-1997-98,36.9596,67.33,43.0,1995-96-1999-00,36.8226,67.18,51.5,43,59,16.0
Alonzo Mourning,Two-way engine,38,1999-00,46.1607,77.16,35.0,1998-99-1999-00,45.1279,76.13,37.0,1997-98-1999-00,41.418,72.35,44.0,1995-96-1999-00,36.6507,66.98,38.5,35,44,-6.0
Sidney Moncrief,Secondary star,50,1982-83,41.9638,72.96,46.0,1982-83-1983-84,39.9152,70.65,46.0,1981-82-1983-84,38.3518,68.9,45.0,1981-82-1985-86,36.3052,66.59,46.75,45,50,5.0
Jayson Tatum,Secondary star,58,2022-23,39.483,70.17,50.0,2022-23-2023-24,38.6444,69.22,47.0,2022-23-2024-25,38.1844,68.71,46.0,2020-21-2024-25,35.8994,66.14,50.25,46,58,12.0
Allen Iverson,Secondary star,33,2000-01,47.8066,78.81,39.0,2000-01-2001-02,41.5274,72.47,44.0,1998-99-2000-01,38.912,69.53,47.0,1998-99-2002-03,35.6471,65.85,40.75,33,47,-14.0
Reggie Miller,Secondary star,62,1993-94,37.9983,68.5,52.0,1993-94-1994-95,37.4017,67.83,52.0,1993-94-1995-96,36.2465,66.53,48.0,1993-94-1997-98,34.7622,64.86,53.5,48,62,14.0
Jason Kidd,Secondary star,68,2002-03,36.8919,67.25,58.0,2001-02-2002-03,36.3243,66.61,56.0,2000-01-2002-03,35.1387,65.28,49.0,1998-99-2002-03,34.1213,64.14,57.75,49,68,19.0
Grant Hill,High-impact role player,56,1996-97,39.9382,70.68,57.0,1995-96-1996-97,36.3259,66.62,54.0,1996-97-1998-99,35.377,65.55,50.0,1995-96-1999-00,34.0462,64.05,54.25,50,57,6.0
Adrian Dantley,Secondary star,49,1983-84,42.0254,73.03,53.0,1983-84-1984-85,36.9045,67.27,51.0,1983-84-1985-86,36.9202,67.29,51.0,1983-84-1987-88,33.5908,63.59,51.0,49,53,-2.0
Bernard King,Secondary star,48,1983-84,42.2422,73.24,49.0,1983-84-1984-85,39.75,70.47,50.0,1982-83-1984-85,36.9401,67.31,52.0,1980-81-1984-85,33.0174,63.02,49.75,48,52,-4.0
Ben Wallace,High-impact role player,72,2002-03,36.3324,66.62,64.0,2001-02-2002-03,35.7987,66.02,58.0,2001-02-2003-04,34.7378,64.83,53.0,2001-02-2005-06,32.5971,62.6,61.75,53,72,19.0
Kevin Johnson,Secondary star,73,1990-91,36.2154,66.49,61.0,1989-90-1990-91,35.9786,66.23,53.0,1988-89-1990-91,35.5967,65.8,54.0,1988-89-1992-93,32.5136,62.51,60.25,53,73,19.0
Amar'e Stoudemire,Secondary star,44,2004-05,43.2028,74.2,51.0,2006-07-2007-08,38.4198,68.97,55.0,2006-07-2008-09,35.1999,65.35,55.0,2006-07-2010-11,32.4737,62.47,51.25,44,55,-11.0
Ray Allen,Secondary star,52,2000-01,41.1204,72.01,54.0,2000-01-2001-02,36.8369,67.19,64.0,1999-00-2001-02,34.2446,64.28,56.0,2000-01-2004-05,32.2352,62.24,56.5,52,64,-4.0
Pau Gasol,Secondary star,77,2008-09,35.6546,65.86,66.0,2008-09-2009-10,35.3862,65.56,59.0,2008-09-2010-11,34.6926,64.78,57.0,2006-07-2010-11,32.0527,62.05,64.75,57,77,20.0
Karl-Anthony Towns,Secondary star,64,2025-26,37.7653,68.24,67.0,2024-25-2025-26,35.3084,65.47,67.0,2016-17-2018-19,33.7679,63.77,58.0,2017-18-2021-22,32.0197,62.02,64.0,58,67,6.0
Domantas Sabonis,High-impact role player,75,2023-24,35.8637,66.1,68.0,2022-23-2023-24,35.3022,65.46,60.0,2022-23-2024-25,34.5549,64.62,59.0,2020-21-2024-25,31.8701,61.87,65.5,59,75,16.0
Paul Pierce,Secondary star,78,2001-02,35.4216,65.6,76.0,2001-02-2002-03,34.0081,64.01,77.0,2000-01-2002-03,32.5691,62.57,60.0,2001-02-2005-06,31.4494,61.45,72.75,60,78,18.0
Kyrie Irving,Secondary star,94,2018-19,33.3836,63.38,80.0,2017-18-2018-19,33.3714,63.37,78.0,2016-17-2018-19,32.4524,62.45,61.0,2014-15-2018-19,31.4366,61.44,78.25,61,94,33.0
Shawn Kemp,Secondary star,65,1995-96,37.7137,68.18,71.0,1994-95-1995-96,34.5224,64.59,65.0,1993-94-1995-96,33.992,63.99,62.0,1992-93-1996-97,31.2188,61.22,65.75,62,71,3.0
Elton Brand,Secondary star,51,2005-06,41.56,72.51,56.0,2005-06-2006-07,36.4539,66.76,71.0,2004-05-2006-07,33.4793,63.48,63.0,2001-02-2005-06,31.1132,61.11,60.25,51,71,-12.0
Isiah Thomas,Secondary star,69,1984-85,36.4342,66.74,74.0,1983-84-1984-85,34.1049,64.12,73.0,1983-84-1985-86,32.8951,62.9,64.0,1983-84-1987-88,31.0646,61.06,70.0,64,74,5.0
Yao Ming,Secondary star,108,2008-09,32.2285,62.23,98.0,2004-05-2005-06,31.0089,61.01,89.0,2004-05-2006-07,30.9386,60.94,65.0,2004-05-2008-09,30.8883,60.89,90.0,65,108,43.0
George Gervin,Primary scorer,76,1981-82,35.7765,66.0,78.0,1980-81-1981-82,33.9023,63.9,63.0,1979-80-1981-82,34.2642,64.3,66.0,1979-80-1983-84,30.7018,60.7,70.75,63,78,10.0
Jalen Brunson,Secondary star,81,2023-24,35.1799,65.33,79.0,2023-24-2024-25,33.7285,63.73,69.0,2023-24-2025-26,33.6165,63.62,67.0,2021-22-2025-26,30.6568,60.66,74.0,67,81,14.0
Chris Webber,Secondary star,87,2000-01,34.5053,64.57,75.0,2000-01-2001-02,34.0789,64.09,70.0,1999-00-2001-02,33.5452,63.55,68.0,1998-99-2002-03,30.6036,60.6,75.0,68,87,19.0
Terry Porter,Secondary star,66,1990-91,37.6665,68.12,63.0,1989-90-1990-91,35.9021,66.14,61.0,1989-90-1991-92,34.4515,64.51,69.0,1987-88-1991-92,30.513,60.51,64.75,61,69,-3.0
Dominique Wilkins,Primary scorer,98,1992-93,33.0492,63.05,91.0,1985-86-1986-87,32.1782,62.18,83.0,1985-86-1987-88,31.6755,61.68,70.0,1985-86-1989-90,30.3899,60.39,85.5,70,98,28.0
Paul George,Secondary star,57,2018-19,39.5004,70.19,82.0,2017-18-2018-19,33.1286,63.13,87.0,2018-19-2020-21,31.4125,61.41,71.0,2015-16-2019-20,29.994,59.99,74.25,57,87,-14.0
Donovan Mitchell,Secondary star,114,2022-23,31.5094,61.51,104.0,2024-25-2025-26,30.5778,60.58,91.0,2022-23-2024-25,30.6152,60.62,72.0,2021-22-2025-26,29.8777,59.88,95.25,72,114,42.0
Chris Mullin,High-impact role player,112,1990-91,31.7586,61.76,95.0,1989-90-1990-91,31.6953,61.7,85.0,1988-89-1990-91,31.4899,61.49,73.0,1987-88-1991-92,29.7846,59.78,91.25,73,112,39.0
Blake Griffin,Secondary star,89,2013-14,34.1281,64.14,88.0,2013-14-2014-15,32.4834,62.48,86.0,2012-13-2014-15,31.4223,61.42,74.0,2010-11-2014-15,29.7384,59.74,84.25,74,89,15.0
Draymond Green,Secondary star,67,2015-16,36.9533,67.32,60.0,2015-16-2016-17,36.0897,66.35,66.0,2014-15-2016-17,33.8194,63.82,75.0,2014-15-2018-19,29.6934,59.69,67.0,60,75,-8.0
DeAndre Jordan,High-impact role player,100,2014-15,32.7742,62.77,85.0,2014-15-2015-16,32.6448,62.64,81.0,2014-15-2016-17,31.8696,61.87,76.0,2013-14-2017-18,29.5373,59.54,85.5,76,100,24.0
Tyrese Haliburton,Secondary star,71,2023-24,36.3561,66.65,69.0,2023-24-2024-25,35.2919,65.45,62.0,2022-23-2024-25,34.3208,64.36,77.0,2020-21-2024-25,29.5152,59.52,69.75,62,77,-6.0
Artis Gilmore,High-impact role player,105,1980-81,32.3781,62.38,90.0,1980-81-1981-82,32.2966,62.3,82.0,1980-81-1982-83,31.7284,61.73,78.0,1980-81-1984-85,29.3293,59.33,88.75,78,105,27.0
Andrei Kirilenko,High-impact role player,86,2003-04,34.5668,64.64,84.0,2003-04-2004-05,32.7867,62.79,84.0,2003-04-2005-06,31.5426,61.54,79.0,2001-02-2005-06,29.2033,59.2,83.25,79,86,7.0
Vince Carter,Primary scorer,60,2000-01,39.1845,69.83,59.0,1999-00-2000-01,36.2274,66.51,72.0,1999-00-2001-02,33.3636,63.36,80.0,1999-00-2003-04,29.0978,59.1,67.75,59,80,-20.0
Dikembe Mutombo,High-impact role player,111,1996-97,31.8832,61.88,103.0,1996-97-1997-98,30.7043,60.7,101.0,1996-97-1998-99,29.5873,59.59,81.0,1996-97-2000-01,29.0415,59.04,99.0,81,111,30.0
Kevin Love,Secondary star,47,2013-14,42.4152,73.42,65.0,2013-14-2014-15,35.4419,65.62,79.0,2013-14-2015-16,31.9197,61.92,82.0,2013-14-2017-18,28.8274,58.83,68.25,47,82,-35.0
Marques Johnson,Secondary star,70,1980-81,36.4112,66.71,72.0,1979-80-1980-81,34.521,64.59,88.0,1979-80-1981-82,31.2191,61.22,83.0,1979-80-1983-84,28.6908,58.69,78.25,70,88,-13.0
Alex English,Secondary star,109,1982-83,32.1031,62.1,102.0,1981-82-1982-83,30.7535,60.75,102.0,1981-82-1983-84,29.5463,59.55,84.0,1981-82-1985-86,28.5832,58.58,99.25,84,109,25.0
Kyle Lowry,Secondary star,113,2016-17,31.5105,61.51,96.0,2015-16-2016-17,31.0816,61.08,93.0,2015-16-2017-18,30.5579,60.56,85.0,2013-14-2017-18,28.4589,58.46,96.75,85,113,28.0
Shawn Marion,High-impact role player,101,2005-06,32.7737,62.77,99.0,2004-05-2005-06,31.0055,61.01,97.0,2004-05-2006-07,30.109,60.11,86.0,2002-03-2006-07,28.4426,58.44,95.75,86,101,15.0
Robert Parish,Secondary star,90,1980-81,33.8652,63.87,83.0,1980-81-1981-82,33.0426,63.04,80.0,1980-81-1982-83,31.8999,61.9,87.0,1980-81-1984-85,28.3664,58.37,85.0,80,90,3.0
Isaiah Thomas,High-impact role player,54,2016-17,40.8629,71.72,62.0,2015-16-2016-17,35.9701,66.22,75.0,2014-15-2016-17,32.5994,62.6,88.0,2012-13-2016-17,28.1413,58.14,69.75,54,88,-34.0
Jarrett Allen,High-impact role player,119,2024-25,30.8027,60.8,110.0,2023-24-2024-25,30.0923,60.09,107.0,2023-24-2025-26,29.036,59.04,89.0,2021-22-2025-26,28.0092,58.01,106.25,89,119,30.0
Brad Daugherty,Secondary star,74,1991-92,35.9107,66.15,70.0,1991-92-1992-93,35.0015,65.13,74.0,1990-91-1992-93,32.7601,62.76,90.0,1988-89-1992-93,27.9349,57.93,77.0,70,90,-16.0
Carmelo Anthony,Primary scorer,91,2012-13,33.5851,63.59,93.0,2012-13-2013-14,32.1035,62.1,96.0,2011-12-2013-14,30.1513,60.15,91.0,2009-10-2013-14,27.9141,57.91,92.75,91,96,0.0
Bobby Jones,High-impact role player,115,1980-81,31.3545,61.35,106.0,1980-81-1981-82,30.5018,60.5,99.0,1979-80-1981-82,29.7605,59.76,92.0,1979-80-1983-84,27.8662,57.87,103.0,92,115,23.0
Deron Williams,Primary playmaker,102,2007-08,32.7434,62.74,113.0,2007-08-2008-09,29.6035,59.6,94.0,2007-08-2009-10,30.5101,60.51,93.0,2007-08-2011-12,27.5316,57.53,100.5,93,113,9.0
Gilbert Arenas,Secondary star,79,2005-06,35.3505,65.52,77.0,2005-06-2006-07,33.9675,63.97,76.0,2004-05-2006-07,32.5756,62.58,94.0,2002-03-2006-07,27.5145,57.51,81.5,76,94,-15.0
Marc Gasol,High-impact role player,88,2012-13,34.4058,64.46,111.0,2011-12-2012-13,29.9734,59.97,95.0,2012-13-2014-15,30.4986,60.5,95.0,2010-11-2014-15,27.2811,57.28,97.25,88,111,-7.0
DeMarcus Cousins,Secondary star,124,2016-17,30.4503,60.45,121.0,2015-16-2016-17,28.3872,58.39,113.0,2014-15-2016-17,28.1025,58.1,96.0,2013-14-2017-18,27.1785,57.18,113.5,96,124,28.0
Chris Bosh,Secondary star,139,2007-08,28.643,58.64,128.0,2006-07-2007-08,27.6634,57.66,117.0,2007-08-2009-10,27.5383,57.54,97.0,2005-06-2009-10,26.923,56.92,120.25,97,139,42.0
Hassan Whiteside,High-impact role player,80,2015-16,35.2367,65.39,92.0,2014-15-2015-16,32.1184,62.12,98.0,2014-15-2016-17,29.9181,59.92,98.0,2014-15-2018-19,26.8466,56.85,92.0,80,98,-18.0
Devin Booker,Secondary star,130,2022-23,29.9867,59.99,114.0,2021-22-2022-23,29.5358,59.54,108.0,2021-22-2023-24,29.0283,59.03,99.0,2019-20-2023-24,26.7995,56.8,112.75,99,130,31.0
Tim Hardaway,Secondary star,85,1996-97,34.8674,64.98,81.0,1996-97-1997-98,33.369,63.37,90.0,1996-97-1998-99,30.8285,60.83,100.0,1994-95-1998-99,26.7833,56.78,89.0,81,100,-15.0
Joakim Noah,High-impact role player,61,2013-14,38.1056,68.62,86.0,2012-13-2013-14,32.6255,62.63,92.0,2011-12-2013-14,30.5809,60.58,101.0,2009-10-2013-14,26.71,56.71,85.0,61,101,-40.0
Terrell Brandon,Secondary star,84,1995-96,34.8874,65.0,89.0,1995-96-1996-97,32.2997,62.3,103.0,1994-95-1996-97,29.5179,59.52,102.0,1995-96-1999-00,26.64,56.64,94.5,84,103,-18.0
Peja Stojakovic,Secondary star,106,2003-04,32.328,62.33,97.0,2002-03-2003-04,31.0534,61.05,104.0,2001-02-2003-04,29.4806,59.48,103.0,2000-01-2004-05,26.5519,56.55,102.5,97,106,3.0
Larry Nance,Secondary star,137,1991-92,28.9718,58.97,120.0,1991-92-1992-93,28.4938,58.49,118.0,1990-91-1992-93,27.4443,57.44,104.0,1988-89-1992-93,26.5321,56.53,119.75,104,137,33.0
Bam Adebayo,Two-way engine,140,2019-20,28.5777,58.58,122.0,2019-20-2020-21,28.3848,58.38,112.0,2019-20-2021-22,28.2171,58.22,105.0,2019-20-2023-24,26.4067,56.41,119.75,105,140,35.0
Mookie Blaylock,Secondary star,132,1996-97,29.8436,59.84,126.0,1995-96-1996-97,27.7882,57.79,123.0,1994-95-1996-97,27.0287,57.03,106.0,1993-94-1997-98,26.3046,56.3,121.75,106,132,26.0
Trae Young,Primary playmaker,118,2021-22,30.9453,60.95,115.0,2020-21-2021-22,29.4895,59.49,111.0,2019-20-2021-22,28.4514,58.45,107.0,2019-20-2023-24,26.1663,56.17,112.75,107,118,11.0
Tony Parker,Secondary star,99,2012-13,32.9032,62.9,100.0,2011-12-2012-13,30.9591,60.96,110.0,2011-12-2013-14,28.6067,58.61,108.0,2008-09-2012-13,26.1497,56.15,104.25,99,110,-9.0
James Worthy,Secondary star,164,1988-89,26.3967,56.4,137.0,1987-88-1988-89,26.3134,56.31,130.0,1986-87-1988-89,26.1571,56.16,109.0,1985-86-1989-90,25.7633,55.7,135.0,109,164,55.0
Mitch Richmond,Secondary star,127,1996-97,30.2416,60.24,119.0,1995-96-1996-97,28.6544,58.65,115.0,1995-96-1997-98,27.7612,57.76,110.0,1993-94-1997-98,25.6373,55.55,117.75,110,127,17.0
Eddie Jones,High-impact role player,138,1997-98,28.8086,58.81,134.0,1997-98-1998-99,26.3556,56.36,120.0,1997-98-1999-00,27.3258,57.33,111.0,1997-98-2001-02,25.5585,55.45,125.75,111,138,27.0
Anthony Edwards,Secondary star,123,2024-25,30.5513,60.55,109.0,2023-24-2024-25,30.1757,60.18,106.0,2023-24-2025-26,29.1593,59.16,112.0,2021-22-2025-26,25.4449,55.31,112.5,106,123,11.0
Mike Conley,Secondary star,93,2016-17,33.4634,63.46,125.0,2015-16-2016-17,27.9489,57.95,132.0,2014-15-2016-17,25.7391,55.67,113.0,2012-13-2016-17,25.2178,55.02,115.75,93,132,-20.0
Jeff Hornacek,Secondary star,126,1995-96,30.3256,60.33,123.0,1995-96-1996-97,28.2732,58.27,122.0,1994-95-1996-97,27.049,57.05,114.0,1994-95-1998-99,25.1897,54.99,121.25,114,126,12.0
Clint Capela,High-impact role player,116,2017-18,31.235,61.23,117.0,2017-18-2018-19,29.0603,59.06,119.0,2016-17-2018-19,27.3754,57.38,115.0,2016-17-2020-21,25.1091,54.89,116.75,115,119,1.0
Evan Mobley,High-impact role player,63,2024-25,37.8769,68.36,87.0,2024-25-2025-26,32.5281,62.53,100.0,2023-24-2025-26,29.608,59.61,116.0,2021-22-2025-26,25.0972,54.87,91.5,63,116,-53.0
Maurice Cheeks,Secondary star,147,1982-83,27.8494,57.85,143.0,1981-82-1982-83,25.8956,55.87,138.0,1982-83-1984-85,25.4472,55.31,117.0,1982-83-1986-87,25.006,54.76,136.25,117,147,30.0
Sam Cassell,High-impact role player,95,2003-04,33.2923,63.29,112.0,2002-03-2003-04,29.7345,59.73,116.0,2001-02-2003-04,27.6797,57.68,118.0,1999-00-2003-04,24.9006,54.63,110.25,95,118,-23.0
Tyson Chandler,High-impact role player,133,2011-12,29.7963,59.8,124.0,2010-11-2011-12,28.0096,58.01,124.0,2010-11-2012-13,26.9676,56.97,119.0,2010-11-2014-15,24.8988,54.62,125.0,119,133,14.0
LaMarcus Aldridge,Secondary star,131,2017-18,29.8806,59.88,132.0,2017-18-2018-19,27.1628,57.16,133.0,2015-16-2017-18,25.6978,55.62,120.0,2014-15-2018-19,24.8364,54.55,129.0,120,133,11.0
Cedric Maxwell,High-impact role player,122,1980-81,30.5596,60.56,105.0,1979-80-1980-81,30.5268,60.53,109.0,1979-80-1981-82,28.927,58.93,121.0,1979-80-1983-84,24.6593,54.32,114.25,105,122,1.0
Horace Grant,High-impact role player,128,1991-92,30.1923,60.19,133.0,1990-91-1991-92,26.7382,56.74,125.0,1991-92-1993-94,26.9319,56.93,122.0,1991-92-1995-96,24.6313,54.29,127.0,122,133,6.0
Detlef Schrempf,High-impact role player,134,1994-95,29.555,59.56,145.0,1994-95-1995-96,25.7736,55.72,140.0,1994-95-1996-97,25.3336,55.17,123.0,1990-91-1994-95,24.3066,53.88,135.5,123,145,11.0
Carlos Boozer,Secondary star,96,2006-07,33.2035,63.2,108.0,2006-07-2007-08,30.2255,60.23,127.0,2005-06-2007-08,26.8436,56.84,124.0,2003-04-2007-08,24.2643,53.83,113.75,96,127,-28.0
Brandon Roy,Secondary star,82,2008-09,35.0988,65.24,94.0,2008-09-2009-10,31.8513,61.85,105.0,2007-08-2009-10,29.3441,59.34,125.0,2006-07-2010-11,24.1238,53.65,101.5,82,125,-43.0
Al Horford,High-impact role player,171,2017-18,25.956,55.94,157.0,2017-18-2018-19,24.8625,54.58,153.0,2016-17-2018-19,24.0262,53.53,126.0,2014-15-2018-19,24.047,53.56,151.75,126,171,45.0
Fat Lever,Two-way engine,145,1987-88,28.0197,58.02,129.0,1986-87-1987-88,27.2769,57.28,129.0,1986-87-1988-89,26.3831,56.38,127.0,1985-86-1989-90,24.0159,53.52,132.5,127,145,18.0
Rajon Rondo,Secondary star,152,2009-10,27.5113,57.51,140.0,2008-09-2009-10,26.1231,56.12,139.0,2009-10-2011-12,25.4368,55.3,128.0,2007-08-2011-12,24.0046,53.51,139.75,128,152,24.0
Nikola Vucevic,Secondary star,120,2018-19,30.6652,60.67,127.0,2018-19-2019-20,27.7363,57.74,121.0,2018-19-2020-21,27.0638,57.06,129.0,2018-19-2022-23,23.9877,53.48,124.25,120,129,-9.0
Jack Sikma,High-impact role player,144,1981-82,28.2346,58.23,144.0,1981-82-1982-83,25.8047,55.76,144.0,1981-82-1983-84,24.9763,54.72,130.0,1981-82-1985-86,23.9552,53.44,140.5,130,144,14.0
Joe Dumars,High-impact role player,177,1988-89,25.6181,55.52,163.0,1988-89-1989-90,24.4712,54.09,147.0,1988-89-1990-91,24.7883,54.49,131.0,1988-89-1992-93,23.849,53.31,154.5,131,177,46.0
Mark Aguirre,Primary scorer,162,1983-84,26.7077,56.71,158.0,1986-87-1987-88,24.8563,54.57,167.0,1985-86-1987-88,22.9825,52.23,132.0,1983-84-1987-88,23.6179,53.02,154.75,132,167,30.0
Kemba Walker,Secondary star,197,2016-17,24.0754,53.59,171.0,2016-17-2017-18,23.8773,53.35,154.0,2016-17-2018-19,23.9565,53.45,133.0,2015-16-2019-20,23.5214,52.9,163.75,133,197,64.0
Alvin Robertson,High-impact role player,125,1985-86,30.4442,60.44,131.0,1985-86-1986-87,27.2303,57.23,131.0,1985-86-1987-88,25.761,55.7,134.0,1985-86-1989-90,23.5128,52.89,130.25,125,134,-9.0
John Wall,Primary playmaker,136,2016-17,28.9744,58.97,146.0,2015-16-2016-17,25.7242,55.66,137.0,2014-15-2016-17,25.5167,55.4,135.0,2012-13-2016-17,23.3795,52.72,138.5,135,146,1.0
Stephon Marbury,Secondary star,163,2004-05,26.4827,56.48,169.0,2003-04-2004-05,24.0511,53.56,159.0,2002-03-2004-05,23.3775,52.72,136.0,2000-01-2004-05,23.0941,52.37,156.75,136,169,27.0
Doc Rivers,Secondary star,161,1987-88,26.8355,56.84,139.0,1986-87-1987-88,26.2036,56.2,143.0,1986-87-1988-89,25.109,54.89,137.0,1984-85-1988-89,23.0207,52.28,145.0,137,161,24.0
Terry Cummings,Secondary star,121,1984-85,30.6198,60.62,148.0,1984-85-1985-86,25.5243,55.41,141.0,1982-83-1984-85,25.3075,55.13,138.0,1982-83-1986-87,23.0149,52.27,137.0,121,148,-17.0
Dennis Rodman,High-impact role player,148,1991-92,27.6957,57.7,166.0,1990-91-1991-92,24.3035,53.88,146.0,1989-90-1991-92,24.8347,54.54,139.0,1987-88-1991-92,23.0043,52.26,149.75,139,166,9.0
Glen Rice,Secondary star,151,1996-97,27.6176,57.62,154.0,1996-97-1997-98,25.0293,54.79,150.0,1994-95-1996-97,24.4016,54.0,140.0,1993-94-1997-98,22.7877,51.98,148.75,140,154,11.0
Andrew Bynum,High-impact role player,141,2011-12,28.5518,58.55,135.0,2010-11-2011-12,26.3373,56.34,145.0,2009-10-2011-12,24.8695,54.59,141.0,2007-08-2011-12,22.7723,51.97,140.5,135,145,0.0
Michael Redd,Secondary star,159,2005-06,26.8968,56.9,153.0,2005-06-2006-07,25.063,54.83,163.0,2005-06-2007-08,23.2384,52.55,142.0,2002-03-2006-07,22.6987,51.87,154.25,142,163,17.0
Dan Roundfield,Secondary star,160,1979-80,26.889,56.89,147.0,1979-80-1980-81,25.7006,55.63,148.0,1979-80-1981-82,24.671,54.34,143.0,1979-80-1983-84,22.6966,51.87,149.5,143,160,17.0
Gerald Wallace,High-impact role player,172,2009-10,25.7863,55.73,164.0,2008-09-2009-10,24.4154,54.02,172.0,2007-08-2009-10,22.4941,51.62,144.0,2005-06-2009-10,22.6027,51.75,163.0,144,172,28.0
Paul Millsap,High-impact role player,165,2015-16,26.3881,56.39,156.0,2014-15-2015-16,24.8632,54.58,157.0,2013-14-2015-16,23.8115,53.26,145.0,2011-12-2015-16,22.5608,51.7,155.75,145,165,20.0
Derek Harper,Secondary star,176,1986-87,25.6249,55.53,178.0,1985-86-1986-87,23.404,52.76,177.0,1986-87-1988-89,22.3341,51.42,146.0,1986-87-1990-91,22.5363,51.67,169.25,146,178,30.0
Rasheed Wallace,High-impact role player,173,2000-01,25.7253,55.66,160.0,1999-00-2000-01,24.6716,54.34,156.0,1999-00-2001-02,23.869,53.34,147.0,1998-99-2002-03,22.4276,51.53,159.0,147,173,26.0
Derrick Coleman,Secondary star,146,1992-93,27.9934,57.99,130.0,1992-93-1993-94,27.2722,57.27,134.0,1991-92-1993-94,25.6746,55.59,148.0,1990-91-1994-95,22.3968,51.5,139.5,130,148,-2.0
Marcus Camby,High-impact role player,149,2006-07,27.6728,57.67,149.0,2006-07-2007-08,25.508,55.39,152.0,2005-06-2007-08,24.2976,53.87,149.0,2003-04-2007-08,22.3615,51.45,149.75,149,152,0.0
Gus Williams,Secondary star,107,1981-82,32.2948,62.29,116.0,1981-82-1982-83,29.4214,59.42,126.0,1981-82-1983-84,26.9313,56.93,150.0,1981-82-1985-86,22.3544,51.44,124.75,107,150,-43.0
Baron Davis,Secondary star,170,2006-07,26.0167,56.02,170.0,2006-07-2007-08,23.9176,53.4,176.0,2001-02-2003-04,22.4368,51.55,151.0,2003-04-2007-08,22.3495,51.44,166.75,151,176,19.0
DeMar DeRozan,Secondary star,190,2021-22,24.8926,54.62,172.0,2020-21-2021-22,23.7765,53.22,165.0,2015-16-2017-18,23.0624,52.33,152.0,2017-18-2021-22,22.3246,51.41,169.75,152,190,38.0
Brad Miller,High-impact role player,199,2003-04,23.9147,53.39,177.0,2003-04-2004-05,23.5746,52.97,160.0,2002-03-2004-05,23.3356,52.67,153.0,2001-02-2005-06,22.2098,51.26,172.25,153,199,46.0
Isaiah Hartenstein,High-impact role player,185,2021-22,25.1238,54.9,188.0,2024-25-2025-26,22.6102,51.76,173.0,2023-24-2025-26,22.4892,51.61,154.0,2021-22-2025-26,22.1316,51.16,175.0,154,188,31.0
Rod Strickland,Secondary star,201,1994-95,23.6067,53.01,183.0,1993-94-1994-95,23.0853,52.36,178.0,1993-94-1995-96,22.2739,51.34,155.0,1993-94-1997-98,22.0056,51.01,179.25,155,201,46.0
Gordon Hayward,High-impact role player,129,2016-17,30.1142,60.11,136.0,2015-16-2016-17,26.3234,56.32,135.0,2014-15-2016-17,25.6311,55.54,156.0,2012-13-2016-17,21.9937,50.99,139.0,129,156,-27.0
Bradley Beal,Secondary star,206,2020-21,23.0279,52.28,193.0,2019-20-2020-21,22.1454,51.18,182.0,2018-19-2020-21,22.2048,51.26,157.0,2016-17-2020-21,21.8159,50.77,184.5,157,206,49.0
Steve Francis,Secondary star,153,2000-01,27.3138,57.31,176.0,1999-00-2000-01,23.583,52.98,151.0,2000-01-2002-03,24.371,53.96,158.0,1999-00-2003-04,21.6952,50.62,159.5,151,176,-5.0
Paul Pressey,Secondary star,167,1985-86,26.1668,56.17,151.0,1984-85-1985-86,25.3052,55.13,155.0,1984-85-1986-87,23.9559,53.44,159.0,1984-85-1988-89,21.5035,50.38,158.0,151,167,8.0
Jermaine O'Neal,Secondary star,186,2003-04,25.1192,54.9,155.0,2002-03-2003-04,24.9949,54.74,161.0,2002-03-2004-05,23.2469,52.56,160.0,2002-03-2006-07,21.3639,50.2,165.5,155,186,26.0
Jason Terry,Secondary star,205,2004-05,23.052,52.32,192.0,2004-05-2005-06,22.2152,51.27,181.0,2004-05-2006-07,22.2091,51.26,161.0,2004-05-2008-09,21.2146,50.02,184.75,161,205,44.0
Klay Thompson,Secondary star,158,2014-15,26.9222,56.92,138.0,2014-15-2015-16,26.3106,56.31,149.0,2014-15-2016-17,24.5046,54.13,162.0,2014-15-2018-19,21.1389,49.92,151.75,138,162,-4.0
Pascal Siakam,Secondary star,204,2024-25,23.1894,52.49,194.0,2023-24-2024-25,22.092,51.12,186.0,2022-23-2024-25,21.9369,50.92,163.0,2021-22-2025-26,21.1085,49.89,186.75,163,204,41.0
Hersey Hawkins,High-impact role player,157,1990-91,26.9467,56.95,175.0,1989-90-1990-91,23.6759,53.09,166.0,1990-91-1992-93,22.9964,52.25,164.0,1990-91-1994-95,21.0265,49.78,165.5,157,175,-7.0
Andre Drummond,High-impact role player,188,2017-18,24.9335,54.67,173.0,2017-18-2018-19,23.7574,53.2,179.0,2017-18-2019-20,22.2536,51.32,165.0,2015-16-2019-20,20.7737,49.47,176.25,165,188,23.0
Jaylen Brown,Secondary star,189,2025-26,24.9111,54.64,206.0,2024-25-2025-26,21.0616,49.83,185.0,2023-24-2025-26,21.9654,50.96,166.0,2021-22-2025-26,20.6685,49.34,186.5,166,206,23.0
Derrick White,High-impact role player,181,2023-24,25.3481,55.19,168.0,2023-24-2024-25,24.1531,53.69,168.0,2022-23-2024-25,22.977,52.22,167.0,2021-22-2025-26,20.591,49.24,171.0,167,181,14.0
Tyrese Maxey,Secondary star,155,2025-26,27.2629,57.26,180.0,2024-25-2025-26,23.2714,52.59,158.0,2023-24-2025-26,23.5646,52.96,168.0,2021-22-2025-26,20.5766,49.22,165.25,155,180,-13.0
Dale Ellis,Secondary star,194,1988-89,24.4038,54.0,187.0,1987-88-1988-89,22.9095,52.14,171.0,1986-87-1988-89,22.495,51.62,169.0,1986-87-1990-91,20.5722,49.22,180.25,169,194,25.0
Darrell Armstrong,Secondary star,168,1998-99,26.1385,56.14,162.0,1998-99-1999-00,24.5909,54.24,162.0,1998-99-2000-01,23.2452,52.56,170.0,1998-99-2002-03,20.4341,49.04,165.5,162,170,-2.0
Julius Randle,Secondary star,196,2020-21,24.2991,53.87,215.0,2022-23-2023-24,19.9455,48.43,194.0,2020-21-2022-23,21.4264,50.28,171.0,2020-21-2024-25,20.3497,48.94,194.0,171,215,25.0
Sleepy Floyd,Secondary star,142,1986-87,28.4479,58.45,141.0,1985-86-1986-87,26.0384,56.04,169.0,1985-86-1987-88,22.9738,52.22,172.0,1985-86-1989-90,20.2653,48.83,156.0,141,172,-30.0
Serge Ibaka,High-impact role player,208,2013-14,22.8261,52.03,189.0,2012-13-2013-14,22.5369,51.67,175.0,2011-12-2013-14,22.4439,51.55,173.0,2010-11-2014-15,20.1966,48.75,186.25,173,208,35.0
Jim Paxson,High-impact role player,192,1982-83,24.8128,54.52,167.0,1982-83-1983-84,24.221,53.78,170.0,1981-82-1983-84,22.6802,51.85,174.0,1980-81-1984-85,20.1681,48.71,175.75,167,192,18.0
Jrue Holiday,Secondary star,214,2020-21,22.2343,51.29,202.0,2020-21-2021-22,21.4365,50.3,191.0,2020-21-2022-23,21.5791,50.47,175.0,2018-19-2022-23,20.1614,48.7,195.5,175,214,39.0
David Lee,Secondary star,195,2009-10,24.3315,53.91,195.0,2008-09-2009-10,22.0787,51.1,200.0,2007-08-2009-10,20.6531,49.32,176.0,2005-06-2009-10,20.1174,48.65,191.5,176,200,19.0
Josh Smith,Secondary star,183,2009-10,25.2301,55.04,191.0,2009-10-2010-11,22.3569,51.45,183.0,2009-10-2011-12,21.9874,50.98,177.0,2007-08-2011-12,19.9766,48.47,183.5,177,191,6.0
Larry Johnson,High-impact role player,193,1992-93,24.5043,54.13,196.0,1991-92-1992-93,22.0284,51.04,206.0,1992-93-1994-95,20.0215,48.53,178.0,1991-92-1995-96,19.8688,48.34,193.25,178,206,15.0
Jaren Jackson Jr.,Secondary star,135,2022-23,28.9887,58.99,161.0,2021-22-2022-23,24.6099,54.26,164.0,2022-23-2024-25,23.1422,52.43,179.0,2021-22-2025-26,19.7244,48.16,159.75,135,179,-44.0
Tom Chambers,Secondary star,182,1989-90,25.3459,55.18,165.0,1988-89-1989-90,24.3274,53.91,180.0,1987-88-1989-90,22.217,51.27,180.0,1985-86-1989-90,19.644,48.05,176.75,165,182,2.0
Goran Dragic,Secondary star,150,2013-14,27.6645,57.66,179.0,2013-14-2014-15,23.2842,52.61,189.0,2011-12-2013-14,21.6855,50.61,181.0,2012-13-2016-17,19.5484,47.94,174.75,150,189,-31.0
Kenny Anderson,Secondary star,202,1996-97,23.5334,52.92,190.0,1995-96-1996-97,22.4376,51.55,195.0,1994-95-1996-97,21.2707,50.09,182.0,1992-93-1996-97,19.5209,47.9,192.25,182,202,20.0
Al Jefferson,Secondary star,216,2013-14,22.1556,51.19,207.0,2012-13-2013-14,20.7201,49.4,197.0,2011-12-2013-14,21.0788,49.85,183.0,2010-11-2014-15,19.3611,47.7,200.75,183,216,33.0
Andre Miller,Secondary star,187,2001-02,25.0958,54.87,181.0,2000-01-2001-02,23.2503,52.56,193.0,1999-00-2001-02,21.5129,50.39,184.0,1999-00-2003-04,19.2931,47.62,186.25,181,193,3.0
Anthony Mason,High-impact role player,180,1996-97,25.3608,55.2,186.0,1995-96-1996-97,22.9543,52.19,188.0,1995-96-1997-98,21.69,50.61,185.0,1993-94-1997-98,19.2543,47.57,184.75,180,188,-5.0
Zach Randolph,Secondary star,191,2010-11,24.8662,54.58,185.0,2009-10-2010-11,22.9591,52.2,201.0,2008-09-2010-11,20.6185,49.27,186.0,2006-07-2010-11,18.7449,46.93,190.75,185,201,5.0
Bill Laimbeer,High-impact role player,217,1983-84,21.9117,50.89,214.0,1988-89-1989-90,20.0559,48.57,218.0,1987-88-1989-90,19.1426,47.43,187.0,1985-86-1989-90,18.6168,46.77,209.0,187,218,30.0
Vlade Divac,High-impact role player,219,1990-91,21.9064,50.88,210.0,1989-90-1990-91,20.407,49.01,216.0,1992-93-1994-95,19.3493,47.69,188.0,1993-94-1997-98,18.607,46.76,208.25,188,219,31.0
Richard Jefferson,High-impact role player,174,2005-06,25.7034,55.63,216.0,2005-06-2006-07,19.921,48.4,196.0,2003-04-2005-06,21.2302,50.04,189.0,2002-03-2006-07,18.6053,46.76,193.75,174,216,-15.0
Johnny Moore,Secondary star,207,1982-83,22.8595,52.07,203.0,1981-82-1982-83,21.4202,50.28,204.0,1981-82-1983-84,20.1482,48.69,190.0,1980-81-1984-85,18.5965,46.75,201.0,190,207,17.0
Andre Iguodala,High-impact role player,237,2007-08,19.5681,47.96,221.0,2007-08-2008-09,19.3985,47.75,219.0,2006-07-2008-09,19.0833,47.35,191.0,2007-08-2011-12,18.5812,46.73,217.0,191,237,46.0
Scottie Barnes,High-impact role player,175,2025-26,25.6809,55.6,199.0,2024-25-2025-26,21.9164,50.9,192.0,2023-24-2025-26,21.56,50.45,192.0,2021-22-2025-26,18.4185,46.52,189.5,175,199,-17.0
Tree Rollins,High-impact role player,203,1979-80,23.4937,52.87,224.0,1979-80-1980-81,19.095,47.37,217.0,1979-80-1981-82,19.2321,47.54,193.0,1979-80-1983-84,18.3553,46.44,209.25,193,224,10.0
Dennis Johnson,Secondary star,198,1980-81,24.024,53.53,198.0,1980-81-1981-82,21.928,50.91,198.0,1979-80-1981-82,20.869,49.59,194.0,1979-80-1983-84,18.3288,46.41,197.0,194,198,4.0
Nate McMillan,Defensive anchor,222,1993-94,21.4714,50.34,211.0,1992-93-1993-94,20.3766,48.97,209.0,1992-93-1994-95,19.5834,47.98,195.0,1991-92-1995-96,18.3099,46.39,209.25,195,222,27.0
Eric Bledsoe,Secondary star,227,2018-19,20.9758,49.72,220.0,2017-18-2018-19,19.5093,47.89,208.0,2016-17-2018-19,19.6473,48.06,196.0,2014-15-2018-19,18.2433,46.3,212.75,196,227,31.0
Buck Williams,High-impact role player,179,1982-83,25.4687,55.34,184.0,1981-82-1982-83,22.9901,52.24,199.0,1981-82-1983-84,20.6552,49.32,197.0,1981-82-1985-86,18.1533,46.19,189.75,179,199,-18.0
Michael Cooper,High-impact role player,220,1986-87,21.7715,50.71,222.0,1985-86-1986-87,19.212,47.51,221.0,1984-85-1986-87,18.9848,47.23,198.0,1982-83-1986-87,18.0934,46.12,215.25,198,222,22.0
Rolando Blackman,Secondary star,215,1983-84,22.1973,51.25,209.0,1983-84-1984-85,20.4505,49.06,213.0,1983-84-1985-86,19.4207,47.78,199.0,1982-83-1986-87,18.0608,46.08,209.0,199,215,16.0
De'Aaron Fox,Secondary star,211,2022-23,22.4638,51.58,205.0,2022-23-2023-24,21.0692,49.84,214.0,2022-23-2024-25,19.397,47.75,200.0,2019-20-2023-24,18.0236,46.03,207.5,200,214,11.0
Mike Bibby,Secondary star,218,2003-04,21.9072,50.88,208.0,2003-04-2004-05,20.5348,49.17,210.0,2003-04-2005-06,19.5399,47.92,201.0,2001-02-2005-06,18.0008,46.0,209.25,201,218,17.0
Mark Jackson,Secondary star,234,1988-89,19.9098,48.39,229.0,1997-98-1998-99,18.8385,47.05,223.0,1997-98-1999-00,18.806,47.01,202.0,1995-96-1999-00,17.9371,45.91,222.0,202,234,32.0
Michael Ray Richardson,Two-way engine,212,1984-85,22.4323,51.54,204.0,1979-80-1980-81,21.2974,50.12,202.0,1979-80-1981-82,20.4662,49.08,203.0,1980-81-1984-85,17.8894,45.83,205.25,202,212,9.0
Lamar Odom,High-impact role player,225,2010-11,21.1943,49.99,226.0,2009-10-2010-11,19.0186,47.27,222.0,2008-09-2010-11,18.8362,47.05,204.0,2006-07-2010-11,17.8639,45.8,219.25,204,226,21.0
Antonio McDyess,High-impact role player,226,1997-98,21.0785,49.85,219.0,1997-98-1998-99,19.5365,47.92,224.0,1997-98-1999-00,18.6151,46.77,205.0,1996-97-2000-01,17.7797,45.67,218.5,205,226,21.0
Victor Oladipo,Secondary star,104,2017-18,32.6216,62.62,150.0,2017-18-2018-19,25.4773,55.35,190.0,2015-16-2017-18,21.6398,50.55,206.0,2014-15-2018-19,17.7443,45.62,162.5,104,206,-102.0
Metta World Peace,High-impact role player,143,2003-04,28.3193,58.32,152.0,2002-03-2003-04,25.1212,54.9,174.0,2001-02-2003-04,22.4637,51.58,207.0,1999-00-2003-04,17.6693,45.5,169.0,143,207,-64.0
Jeff Teague,Secondary star,209,2014-15,22.5892,51.74,217.0,2014-15-2015-16,19.8505,48.31,207.0,2014-15-2016-17,19.9262,48.41,208.0,2012-13-2016-17,17.5511,45.33,210.25,207,217,1.0
Vin Baker,Secondary star,210,1997-98,22.5102,51.64,200.0,1996-97-1997-98,21.7678,50.71,203.0,1995-96-1997-98,20.2861,48.86,209.0,1993-94-1997-98,17.4536,45.18,205.5,200,210,1.0
Doug Christie,High-impact role player,224,2002-03,21.2674,50.08,213.0,2001-02-2002-03,20.2664,48.83,215.0,2000-01-2002-03,19.3732,47.72,210.0,1999-00-2003-04,17.3228,44.98,215.5,210,224,14.0
Dan Majerle,High-impact role player,231,1991-92,20.2211,48.78,218.0,1991-92-1992-93,19.6128,48.02,220.0,1990-91-1992-93,19.0318,47.29,211.0,1990-91-1994-95,17.1431,44.71,220.0,211,231,20.0
Joe Johnson,Secondary star,238,2009-10,18.592,46.74,235.0,2008-09-2009-10,17.7362,45.6,232.0,2007-08-2009-10,17.1548,44.73,212.0,2005-06-2009-10,17.1354,44.7,229.25,212,238,26.0
Otis Birdsong,Secondary star,178,1980-81,25.5978,55.5,182.0,1979-80-1980-81,23.1891,52.49,212.0,1979-80-1981-82,19.4706,47.84,213.0,1979-80-1983-84,17.02,44.53,196.25,178,213,-35.0
Brook Lopez,High-impact role player,169,2012-13,26.0694,56.07,231.0,2022-23-2023-24,18.5116,46.64,225.0,2014-15-2016-17,18.2209,46.28,214.0,2014-15-2018-19,16.9517,44.43,209.75,169,231,-45.0
John Starks,High-impact role player,239,1993-94,18.2855,46.36,232.0,1992-93-1993-94,18.2317,46.29,226.0,1991-92-1993-94,18.0427,46.05,215.0,1991-92-1995-96,16.8517,44.28,228.0,215,239,24.0
Ron Harper,High-impact role player,184,1988-89,25.1498,54.94,201.0,1988-89-1989-90,21.5119,50.39,211.0,1987-88-1989-90,19.5213,47.9,216.0,1988-89-1992-93,16.517,43.78,203.0,184,216,-32.0
Rodney McCray,High-impact role player,230,1986-87,20.7212,49.4,227.0,1986-87-1987-88,18.9265,47.16,229.0,1985-86-1987-88,17.4868,45.23,217.0,1983-84-1987-88,16.059,43.09,225.75,217,230,13.0
Latrell Sprewell,Secondary star,223,1996-97,21.4192,50.27,234.0,1995-96-1996-97,17.9837,45.98,243.0,1994-95-1996-97,15.5062,42.26,218.0,1992-93-1996-97,15.8749,42.81,229.5,218,243,5.0
Kirk Hinrich,High-impact role player,233,2006-07,19.9679,48.46,233.0,2005-06-2006-07,18.1063,46.13,227.0,2004-05-2006-07,17.8763,45.81,219.0,2004-05-2008-09,15.4965,42.24,228.0,219,233,14.0
Luol Deng,High-impact role player,213,2006-07,22.4039,51.5,228.0,2005-06-2006-07,18.8926,47.12,235.0,2005-06-2007-08,16.8734,44.31,220.0,2006-07-2010-11,15.2882,41.93,224.0,213,235,-7.0
Kenyon Martin,High-impact role player,229,2003-04,20.7229,49.4,223.0,2002-03-2003-04,19.0961,47.37,228.0,2002-03-2004-05,17.6594,45.49,221.0,2001-02-2005-06,15.1965,41.79,225.25,221,229,8.0
Shane Battier,High-impact role player,247,2006-07,15.853,42.78,244.0,2005-06-2006-07,15.6549,42.48,244.0,2005-06-2007-08,15.3788,42.07,222.0,2002-03-2006-07,15.1303,41.7,239.25,222,247,25.0
Theo Ratliff,High-impact role player,246,2000-01,16.4343,43.65,242.0,1999-00-2000-01,15.8491,42.77,237.0,1998-99-2000-01,15.9565,42.93,223.0,1996-97-2000-01,15.1031,41.65,237.0,223,246,23.0
Mikal Bridges,High-impact role player,240,2020-21,18.0948,46.12,236.0,2020-21-2021-22,17.5867,45.38,234.0,2020-21-2022-23,16.9051,44.36,224.0,2019-20-2023-24,15.0782,41.62,233.5,224,240,16.0
Charles Oakley,High-impact role player,232,1993-94,20.0796,48.6,237.0,1993-94-1994-95,17.3172,44.98,238.0,1992-93-1994-95,15.8988,42.85,225.0,1993-94-1997-98,15.0433,41.56,233.0,225,238,7.0
Andrew Bogut,High-impact role player,221,2009-10,21.5481,50.44,212.0,2014-15-2015-16,20.291,48.86,205.0,2013-14-2015-16,20.102,48.63,226.0,2006-07-2010-11,14.7949,41.19,216.0,205,226,-5.0
Tony Allen,High-impact role player,245,2010-11,16.9829,44.47,241.0,2010-11-2011-12,15.9233,42.88,241.0,2010-11-2012-13,15.6238,42.44,227.0,2010-11-2014-15,14.6245,40.94,238.5,227,245,18.0
Jamal Mashburn,Secondary star,236,2002-03,19.5774,47.97,243.0,2001-02-2002-03,15.7853,42.68,233.0,2000-01-2002-03,17.1026,44.65,228.0,1998-99-2002-03,14.4962,40.74,235.0,228,243,8.0
P.J. Brown,High-impact role player,235,2002-03,19.5864,47.98,238.0,2001-02-2002-03,17.1266,44.69,239.0,2001-02-2003-04,15.7884,42.68,229.0,1998-99-2002-03,14.4954,40.74,235.25,229,239,6.0
Jamal Murray,Secondary star,166,2025-26,26.298,56.3,197.0,2024-25-2025-26,22.0046,51.01,187.0,2023-24-2025-26,21.713,50.64,230.0,2016-17-2020-21,14.1192,40.18,195.0,166,230,-64.0
Ralph Sampson,Secondary star,244,1983-84,17.153,44.73,240.0,1983-84-1984-85,16.4641,43.7,236.0,1983-84-1985-86,16.5442,43.82,231.0,1983-84-1987-88,13.721,39.58,237.75,231,244,13.0
Mark Eaton,High-impact role player,241,1984-85,17.7982,45.7,245.0,1984-85-1985-86,15.4155,42.12,245.0,1983-84-1985-86,14.1994,40.3,232.0,1984-85-1988-89,13.7051,39.56,240.75,232,245,9.0
Kevin Willis,High-impact role player,242,1991-92,17.6291,45.44,246.0,1991-92-1992-93,14.7271,41.09,242.0,1991-92-1993-94,15.5583,42.34,233.0,1989-90-1993-94,13.1259,38.69,240.75,233,246,9.0
Tiny Archibald,Secondary star,243,1979-80,17.4551,45.18,239.0,1979-80-1980-81,16.8076,44.21,240.0,1979-80-1981-82,15.738,42.61,234.0,1979-80-1983-84,12.4137,37.62,239.0,234,243,9.0
Marcus Smart,High-impact role player,248,2021-22,15.42,42.13,247.0,2020-21-2021-22,12.8217,38.23,246.0,2019-20-2021-22,12.9683,38.45,235.0,2018-19-2022-23,12.2195,37.33,244.0,235,248,13.0
Juwan Howard,Secondary star,249,2002-03,13.639,39.46,248.0,1995-96-1996-97,11.9113,36.84,247.0,1995-96-1997-98,11.1116,35.37,236.0,1994-95-1998-99,10.2101,33.72,245.0,236,249,13.0
Bruce Bowen,High-impact role player,250,2005-06,10.4753,34.2,249.0,2004-05-2005-06,9.7523,32.88,248.0,2003-04-2005-06,9.2668,31.99,237.0,2002-03-2006-07,8.6791,30.91,246.0,237,250,13.0
Victor Wembanyama,Two-way engine,12,2025-26,65.3448,90.06,28.0,2024-25-2025-26,51.8181,82.27,32.0,2023-24-2025-26,45.5003,76.5,,,,,24.0,12,32,
Derrick Rose,Secondary star,35,2010-11,46.8986,77.9,47.0,2010-11-2011-12,39.8638,70.6,57.0,2009-10-2011-12,34.7699,64.87,,,,,46.33,35,57,
Anfernee Hardaway,Secondary star,45,1995-96,43.1283,74.13,45.0,1994-95-1995-96,39.9592,70.7,48.0,1994-95-1996-97,37.4887,67.92,,,,,46.0,45,48,
Mark Price,Secondary star,83,1991-92,34.9608,65.08,73.0,1991-92-1992-93,34.3167,64.36,68.0,1991-92-1993-94,33.7357,63.74,,,,,74.67,68,83,
Chet Holmgren,Two-way engine,92,2025-26,33.4715,63.47,,,,,,,,,,,,,92.0,92,92,
Jalen Duren,High-impact role player,97,2025-26,33.1327,63.13,101.0,2024-25-2025-26,30.9556,60.96,114.0,2023-24-2025-26,28.025,58.03,,,,,104.0,97,114,
Ja Morant,Secondary star,103,2021-22,32.6775,62.68,107.0,2021-22-2022-23,30.3077,60.31,128.0,2020-21-2022-23,26.5707,56.57,,,,,112.67,103,128,
Cade Cunningham,Secondary star,110,2025-26,32.0938,62.09,118.0,2024-25-2025-26,28.7812,58.78,142.0,2023-24-2025-26,25.154,54.94,,,,,123.33,110,142,
Paul Westphal,Secondary star,117,1979-80,31.1849,61.18,174.0,1979-80-1980-81,23.7408,53.18,,,,,,,,,145.5,117,174,
Jalen Williams,High-impact role player,154,2024-25,27.3035,57.3,159.0,2023-24-2024-25,24.7376,54.42,184.0,2022-23-2024-25,21.9834,50.98,,,,,165.67,154,184,
Ben Simmons,High-impact role player,156,2019-20,27.0496,57.05,142.0,2018-19-2019-20,26.0381,56.04,136.0,2018-19-2020-21,25.5224,55.4,,,,,144.67,136,156,
Jalen Johnson,High-impact role player,200,2025-26,23.8858,53.36,230.0,2024-25-2025-26,18.7724,46.97,231.0,2023-24-2025-26,17.2541,44.88,,,,,220.33,200,231,
Drazen Petrovic,Secondary star,228,1992-93,20.7238,49.4,225.0,1991-92-1992-93,19.0327,47.29,230.0,1990-91-1992-93,17.2817,44.92,,,,,227.67,225,230,
